{"cameraMode":{"drawMode":0,"name":"Shaded","section":"Shading Mode"},"sceneLighting":false,"audioPlay":false,"sceneViewState":{"showFog":true,"showMaterialUpdate":false,"showSkybox":true,"showFlares":true,"showImageEffects":true,"showParticleSystems":true},"in2DMode":false,"pivot":{"x":274.7002868652344,"y":16.35665512084961,"z":234.8000030517578},"rotation":{"x":-0.2804412543773651,"y":0.413830041885376,"z":-0.1356753259897232,"w":-0.8553885817527771},"size":3.641814708709717,"orthographic":false}