{"cameraMode":{"drawMode":0,"name":"Shaded","section":"Shading Mode"},"sceneLighting":true,"audioPlay":false,"sceneViewState":{"showFog":true,"showMaterialUpdate":false,"showSkybox":true,"showFlares":true,"showImageEffects":true,"showParticleSystems":true},"in2DMode":false,"pivot":{"x":8.390443801879883,"y":-10.951269149780274,"z":-15.643850326538086},"rotation":{"x":-0.061239100992679599,"y":-0.9297022819519043,"z":0.18072912096977235,"w":-0.3150246739387512},"size":53.234718322753909,"orthographic":false}