{"cameraMode":{"drawMode":0,"name":"Shaded","section":"Shading Mode"},"sceneLighting":false,"audioPlay":false,"sceneViewState":{"showFog":true,"showMaterialUpdate":false,"showSkybox":true,"showFlares":true,"showImageEffects":true,"showParticleSystems":true},"in2DMode":false,"pivot":{"x":21.185317993164064,"y":7.603389739990234,"z":-9.729904174804688},"rotation":{"x":0.34469035267829897,"y":-0.053188662976026538,"z":0.019566398113965989,"w":0.9370041489601135},"size":60.44749450683594,"orthographic":false}