{"cameraMode":{"drawMode":0,"name":"Shaded","section":"Shading Mode"},"sceneLighting":false,"audioPlay":false,"sceneViewState":{"showFog":true,"showMaterialUpdate":false,"showSkybox":true,"showFlares":true,"showImageEffects":true,"showParticleSystems":true},"in2DMode":false,"pivot":{"x":0.0,"y":25.149158477783204,"z":-4.76837158203125e-7},"rotation":{"x":0.06264541298151016,"y":-0.3119867146015167,"z":0.020621074363589288,"w":0.9477946162223816},"size":25.09177017211914,"orthographic":false}