{"cameraMode":{"drawMode":0,"name":"Shaded","section":"Shading Mode"},"sceneLighting":false,"audioPlay":false,"sceneViewState":{"showFog":true,"showMaterialUpdate":false,"showSkybox":true,"showFlares":true,"showImageEffects":true,"showParticleSystems":true},"in2DMode":false,"pivot":{"x":0.08465556800365448,"y":-0.02955549955368042,"z":0.010001540184020996},"rotation":{"x":0.23842641711235047,"y":0.12169457226991654,"z":-0.030129969120025636,"w":0.9630345702171326},"size":1.8479899168014527,"orthographic":false}