{"cameraMode":{"drawMode":0,"name":"Shaded","section":"Shading Mode"},"sceneLighting":true,"audioPlay":false,"sceneViewState":{"showFog":true,"showMaterialUpdate":false,"showSkybox":true,"showFlares":true,"showImageEffects":true,"showParticleSystems":true},"in2DMode":false,"pivot":{"x":413.6389465332031,"y":9.150760650634766,"z":81.65653991699219},"rotation":{"x":0.13853295147418977,"y":0.08516018092632294,"z":-0.011957514099776745,"w":0.9866172075271606},"size":13.681561470031739,"orthographic":false}