{"cameraMode":{"drawMode":0,"name":"Shaded","section":"Shading Mode"},"sceneLighting":false,"audioPlay":false,"sceneViewState":{"showFog":true,"showMaterialUpdate":false,"showSkybox":true,"showFlares":true,"showImageEffects":true,"showParticleSystems":true},"in2DMode":false,"pivot":{"x":0.05000019073486328,"y":3.7385544776916506,"z":-0.09999942779541016},"rotation":{"x":-0.02536333166062832,"y":0.942681610584259,"z":-0.32447150349617007,"w":-0.07366332411766052},"size":120.18311309814453,"orthographic":true}