{"cameraMode":{"drawMode":0,"name":"Shaded","section":"Shading Mode"},"sceneLighting":false,"audioPlay":false,"sceneViewState":{"showFog":true,"showMaterialUpdate":false,"showSkybox":true,"showFlares":true,"showImageEffects":true,"showParticleSystems":true},"in2DMode":false,"pivot":{"x":15.898744583129883,"y":7.168584823608398,"z":-4.421056747436523},"rotation":{"x":-0.24960434436798097,"y":0.6562572717666626,"z":-0.24500291049480439,"w":-0.6685788631439209},"size":59.49629211425781,"orthographic":false}