{"cameraMode":{"drawMode":0,"name":"Shaded","section":"Shading Mode"},"sceneLighting":false,"audioPlay":false,"sceneViewState":{"showFog":true,"showMaterialUpdate":false,"showSkybox":true,"showFlares":true,"showImageEffects":true,"showParticleSystems":true},"in2DMode":false,"pivot":{"x":0.00500062108039856,"y":0.12904298305511475,"z":-0.027500003576278688},"rotation":{"x":-0.08353941142559052,"y":-0.04154447466135025,"z":0.003473857417702675,"w":-0.9956320524215698},"size":3.226123094558716,"orthographic":false}